{
  "best_model": "hgb",
  "cv": {
    "roc_auc": 0.7521970536196054,
    "pr_auc": 0.32013133798343824,
    "brier": 0.09146395332271752,
    "ks": 0.3714677935023167
  },
  "test": {
    "roc_auc": 0.7536805889803,
    "pr_auc": 0.3237466264132565,
    "brier": 0.09117194331616692,
    "ks": 0.3756817120517144
  }
}