{
  "t_approve": 0.17231683726432093,
  "t_reject": 0.25177571549217836,
  "p_apr": 0.7999990785278561,
  "p_rev": 0.0999981570557122,
  "p_rej": 0.10000276441643169,
  "bad_rate_approved": 0.07351628415929969,
  "score": 0.0,
  "note": "fallback_quantiles"
}